{
    "Objects": [
        {
            "name": "Land_Village_store",
            "pos": [
                6454.75634765625,
                290.3523864746094,
                7427.67919921875
            ],
            "ypr": [
                8.999878883361817,
                -0.0,
                -0.0
            ]
        }
    ]
}