{
    "Objects": [
        {
            "name": "Land_Misc_Well_Pump_Blue",
            "pos": [
                6479.421875,
                287.58148193359377,
                7413.8642578125
            ],
            "ypr": [
                179.99993896484376,
                0.0,
                -0.0
            ]
        },
        {
            "name": "Bonfire",
            "pos": [
                6479.40283203125,
                293.87811279296877,
                7417.59814453125
            ],
            "ypr": [
                0.0,
                -0.0,
                -0.0
            ]
        }
    ]
}