{
    "Objects": [
        {
            "name": "StaticObj_FueldStation_Shed",
            "pos": [
                6396.81884765625,
                292.93109130859377,
                7434.37255859375
            ],
            "ypr": [
                9.0,
                -0.0,
                -0.0
            ]
        },
        {
            "name": "Land_FuelStation_Feed",
            "pos": [
                6389.8974609375,
                290.76611328125,
                7435.4384765625
            ],
            "ypr": [
                89.99995422363281,
                -0.0,
                -0.0
            ]
        },
        {
            "name": "Land_FuelStation_Feed",
            "pos": [
                6396.60400390625,
                290.80291748046877,
                7434.2900390625
            ],
            "ypr": [
                107.99996185302735,
                0.0,
                -0.0
            ]
        },
        {
            "name": "Land_FuelStation_Feed",
            "pos": [
                6403.5146484375,
                290.7886047363281,
                7432.80810546875
            ],
            "ypr": [
                107.99996185302735,
                0.0,
                -0.0
            ]
        }
    ]
}